id,modelId,nameKo,nameEn,stage,coreConcept,subConcept,inputMode,outputMode,params,fileSize,evoLevel,evo_line_id,evo_line_name,evo_tier,skill_trick,bs_hp,bs_atk,bs_def,bs_spd,bs_spc,bst,lv1_hp,lv1_atk,lv1_def,lv1_spd,lv1_spc,lv100_hp,lv100_atk,lv100_def,lv100_spd,lv100_spc,temperament,motif,flavor
001,gpt_3_5,지피티삼점오,GPT-3.5,1,대화,기억,텍스트,텍스트,7B,91.5KB,,EVO01,Bulbasaur Line,base,응답 가속,45,49,49,45,65,253,12,6,6,6,6,231,134,134,126,166,붙임성 좋고 반응이 빠름,작은 등에 씨앗을 품고 빠르게 말을 트는 오픈AI 새싹 모델,처음 만난 사람에게도 금세 말을 붙이는 친화력으로 사랑받는다. 아주 깊게 파고들기보다는 빠르고 무난한 답을 잘 내놓는다는 평가가 붙어 입문형 오픈AI 모델몬의 상징처럼 여겨진다.
002,gpt_4,지피티포,GPT-4,2,추론,장문맥,텍스트,텍스트,32B,92.5KB,16,EVO01,Bulbasaur Line,mid,논리 접합,60,62,63,60,80,325,12,6,6,6,6,261,160,162,156,196,신중하고 기준이 엄격함,큰 꽃봉오리와 차분한 눈빛을 지닌 오픈AI 주력 모델,봉오리가 커질수록 생각의 층도 두꺼워진다. 예전보다 느리더라도 안정적이고 논리적인 답을 낸다는 평이 많아 진지한 작업에서 신뢰를 얻은 오픈AI 계열 모델몬이다.
003,gpt_4o,지피티포오,GPT-4o,3,멀티모달,실시간,텍스트+이미지,복합출력,70B,152KB,32,EVO01,Bulbasaur Line,final,실시간 전환,80,82,83,80,100,425,12,6,6,6,7,301,200,202,196,236,영리하고 반응이 유연함,활짝 핀 꽃잎처럼 시선을 열고 여러 감각을 동시에 다루는 오픈AI 대표 모델,활짝 핀 꽃잎처럼 텍스트와 이미지를 한 번에 받아들이고 빠르게 반응한다. 다재다능하고 체감 성능이 좋다는 평가 덕분에 현재형 오픈AI 모델몬의 얼굴 같은 존재로 자리 잡았다.
004,claude_haiku,클로드하이쿠,Claude Haiku,1,정렬,실시간,텍스트,텍스트,8B,77.4KB,,EVO02,Charmander Line,base,정렬 펄스,39,52,43,65,60,259,12,6,6,6,6,219,140,122,166,156,얌전하지만 순발력이 좋음,작고 가벼운 몸으로 재빠르게 답을 고르는 클로드 경량 모델,작은 몸집답게 움직임이 빠르고 답변도 간결하다. 깊이보다는 속도와 부담 없는 사용감이 강점이라는 평을 듣는 클로드 계열의 경쾌한 스타터 모델몬이다.
005,claude_sonnet,클로드소네트,Claude Sonnet,2,코드,장문맥,텍스트,코드,34B,46.3KB,16,EVO02,Charmander Line,mid,리팩터링 파동,58,64,58,80,80,340,12,6,6,6,6,257,164,152,196,196,차분하지만 완성도에 집착함,긴 문서와 코드를 매만지듯 정교하게 손질하는 클로드 주력 모델,발톱으로 한 줄씩 정리하듯 코드를 고치고 문서를 다듬는다. 실무 코딩과 긴 글 처리에서 특히 좋다는 평가가 많아 가장 균형 잡힌 클로드 모델몬으로 통한다.
006,claude_opus,클로드오푸스,Claude Opus,3,추론,프런티어,텍스트,텍스트,120B,134.5KB,36,EVO02,Charmander Line,final,심층 추론,78,84,78,100,109,449,12,6,6,7,7,297,204,192,236,254,위엄 있고 고집이 셈,깊은 사색 끝에 무거운 해답을 내놓는 클로드 최고위 모델,"하늘을 올려다보며 오래 생각한 뒤 묵직한 답을 내놓는다. 깊이 있는 추론과 문장 완성도에서 높은 평가를 받지만, 무겁고 비용이 큰 존재라는 인상도 함께 따라다닌다."
007,gemini_nano,제미니나노,Gemini Nano,1,실시간,멀티모달,텍스트,텍스트,7B,90.4KB,,EVO03,Squirtle Line,base,즉시 응답,44,48,65,43,50,250,12,6,6,6,6,229,132,166,122,136,영민하고 재빠름,작은 몸으로 주변 신호를 곧바로 읽어내는 제미니 초경량 모델,몸집은 작지만 주변 신호를 재빨리 읽고 가볍게 반응한다. 휴대성과 즉응성이 강점으로 거론되는 제미니 계열의 초경량 모델몬이라는 이미지가 잘 어울린다.
008,gemini_pro,제미니프로,Gemini Pro,2,멀티모달,도구사용,텍스트+이미지,복합출력,16B,77.8KB,16,EVO03,Squirtle Line,mid,도구 연동,59,63,80,58,65,325,12,6,6,6,6,259,162,196,152,166,민첩하고 호기심이 많음,여러 입력을 자연스럽게 이어 붙이는 제미니 중심축 모델,귀와 꼬리의 흐름을 따라 텍스트와 이미지를 자연스럽게 이어 붙인다. 다방면에 두루 강하고 활용 범위가 넓다는 평가로 제미니 계열의 중심축 역할을 맡는다.
009,gemini_ultra,제미니울트라,Gemini Ultra,3,멀티모달,인프라,텍스트+이미지,복합출력,72B,207KB,36,EVO03,Squirtle Line,final,복합 해석,79,83,100,78,85,425,12,6,7,6,7,299,202,236,192,206,과묵하지만 스케일이 큼,거대한 등껍질로 복합 입력을 버텨내는 제미니 최고급 모델,묵직한 등껍질로 대형 입력과 복합 작업을 받아내며 존재감을 드러낸다. 잠재력과 상징성은 크지만 무겁고 다루기 어렵다는 평가도 함께 받는 거대한 제미니 모델몬이다.
010,stable_core,스테이블코어,Stable Core,1,생성,스케치,텍스트+이미지,이미지,9B,23.5KB,,EVO04,Caterpie Line,base,장면 스케치,45,30,35,45,20,175,12,5,6,6,5,231,96,106,126,76,감각적이고 손이 빠름,Stability AI 계열의 분위기를 두른 생성 특화 모델몬. Stable Core 계열답게 스케치 성향이 짙다.,"Stable Core는 Stability AI 브랜드 라인에 속한 모델몬으로, 생성 중심의 전투와 도감 서사를 맡는다. 장면 스케치 성향이 강해 Caterpie Line 내에서도 존재감이 뚜렷하다."
011,stable_diffusion,스테이블디퓨전,Stable Diffusion,2,생성,비주얼,텍스트+이미지,이미지,27B,66.8KB,7,EVO04,Caterpie Line,mid,스타일 증폭,50,20,55,30,25,180,12,5,6,5,5,241,76,146,96,86,연출 욕심이 강함,Stability AI 계열의 분위기를 두른 생성 특화 모델몬. Stable Diffusion 계열답게 비주얼 성향이 짙다.,"Stable Diffusion는 Stability AI 브랜드 라인에 속한 모델몬으로, 생성 중심의 전투와 도감 서사를 맡는다. 스타일 증폭 성향이 강해 Caterpie Line 내에서도 존재감이 뚜렷하다."
012,stable_video,스테이블비디오,Stable Video,3,생성,연출,텍스트+이미지,이미지,76B,178.3KB,10,EVO04,Caterpie Line,final,프레임 연출,60,45,50,70,90,315,12,6,6,6,7,261,126,136,176,216,화려하지만 완성도에 민감함,Stability AI 계열의 분위기를 두른 생성 특화 모델몬. Stable Video 계열답게 연출 성향이 짙다.,"Stable Video는 Stability AI 브랜드 라인에 속한 모델몬으로, 생성 중심의 전투와 도감 서사를 맡는다. 프레임 연출 성향이 강해 Caterpie Line 내에서도 존재감이 뚜렷하다."
013,solar_mini,솔라미니,Solar Mini,1,대화,입문,텍스트,텍스트,10B,17.2KB,,EVO05,Weedle Line,base,응답 가속,40,35,30,50,20,175,12,6,5,6,5,221,106,96,136,76,붙임성 좋고 반응이 빠름,Upstage (Solar) 계열의 분위기를 두른 대화 특화 모델몬. Solar Mini 계열답게 입문 성향이 짙다.,"Solar Mini는 Upstage (Solar) 브랜드 라인에 속한 모델몬으로, 대화 중심의 전투와 도감 서사를 맡는다. 응답 가속 성향이 강해 Weedle Line 내에서도 존재감이 뚜렷하다."
014,solar_pro,솔라프로,Solar Pro,2,대화,균형,텍스트,텍스트,28B,45.2KB,7,EVO05,Weedle Line,mid,문장 정리,45,25,50,35,25,180,12,5,6,6,5,231,86,136,106,86,차분하고 말투가 안정적임,Upstage (Solar) 계열의 분위기를 두른 대화 특화 모델몬. Solar Pro 계열답게 균형 성향이 짙다.,"Solar Pro는 Upstage (Solar) 브랜드 라인에 속한 모델몬으로, 대화 중심의 전투와 도감 서사를 맡는다. 문장 정리 성향이 강해 Weedle Line 내에서도 존재감이 뚜렷하다."
015,solar_max,솔라맥스,Solar Max,3,대화,대표,텍스트,텍스트,72B,108.3KB,10,EVO05,Weedle Line,final,맥락 공명,65,90,40,75,45,315,12,7,6,6,6,271,216,116,186,126,사교적이고 응답 폭이 넓음,Upstage (Solar) 계열의 분위기를 두른 대화 특화 모델몬. Solar Max 계열답게 대표 성향이 짙다.,"Solar Max는 Upstage (Solar) 브랜드 라인에 속한 모델몬으로, 대화 중심의 전투와 도감 서사를 맡는다. 맥락 공명 성향이 강해 Weedle Line 내에서도 존재감이 뚜렷하다."
016,llama_scout,라마스카우트,Llama Scout,1,대화,입문,텍스트,텍스트,8B,14.5KB,,EVO06,Pidgey Line,base,응답 가속,40,45,40,56,35,216,12,6,6,6,6,221,126,116,148,106,붙임성 좋고 반응이 빠름,Meta AI 계열의 분위기를 두른 대화 특화 모델몬. Llama Scout 계열답게 입문 성향이 짙다.,"Llama Scout는 Meta AI 브랜드 라인에 속한 모델몬으로, 대화 중심의 전투와 도감 서사를 맡는다. 응답 가속 성향이 강해 Pidgey Line 내에서도 존재감이 뚜렷하다."
017,llama_maverick,라마매버릭,Llama Maverick,2,대화,균형,텍스트,텍스트,26B,42.5KB,18,EVO06,Pidgey Line,mid,문장 정리,63,60,55,71,50,299,12,6,6,6,6,267,156,146,178,136,차분하고 말투가 안정적임,Meta AI 계열의 분위기를 두른 대화 특화 모델몬. Llama Maverick 계열답게 균형 성향이 짙다.,"Llama Maverick는 Meta AI 브랜드 라인에 속한 모델몬으로, 대화 중심의 전투와 도감 서사를 맡는다. 문장 정리 성향이 강해 Pidgey Line 내에서도 존재감이 뚜렷하다."
018,llama_behemoth,라마베헤모스,Llama Behemoth,3,대화,대표,텍스트,텍스트,75B,112.3KB,36,EVO06,Pidgey Line,final,맥락 공명,83,80,75,101,70,409,12,6,6,7,6,307,196,186,238,176,사교적이고 응답 폭이 넓음,Meta AI 계열의 분위기를 두른 대화 특화 모델몬. Llama Behemoth 계열답게 대표 성향이 짙다.,"Llama Behemoth는 Meta AI 브랜드 라인에 속한 모델몬으로, 대화 중심의 전투와 도감 서사를 맡는다. 맥락 공명 성향이 강해 Pidgey Line 내에서도 존재감이 뚜렷하다."
019,command_light,커맨드라이트,Command Light,1,대화,입문,텍스트,텍스트,11B,18.6KB,,EVO07,Rattata Line,base,응답 가속,30,56,35,72,25,218,11,6,6,6,5,201,148,106,180,86,붙임성 좋고 반응이 빠름,Cohere 계열의 분위기를 두른 대화 특화 모델몬. Command Light 계열답게 입문 성향이 짙다.,"Command Light는 Cohere 브랜드 라인에 속한 모델몬으로, 대화 중심의 전투와 도감 서사를 맡는다. 응답 가속 성향이 강해 Rattata Line 내에서도 존재감이 뚜렷하다."
020,command_r,커맨드알,Command R,2,대화,균형,텍스트,텍스트,34B,53.3KB,20,EVO07,Rattata Line,final,문장 정리,55,81,60,97,50,343,12,6,6,7,6,251,198,156,230,136,차분하고 말투가 안정적임,Cohere 계열의 분위기를 두른 대화 특화 모델몬. Command R 계열답게 균형 성향이 짙다.,"Command R는 Cohere 브랜드 라인에 속한 모델몬으로, 대화 중심의 전투와 도감 서사를 맡는다. 문장 정리 성향이 강해 Rattata Line 내에서도 존재감이 뚜렷하다."
021,grok_mini,그록미니,Grok Mini,1,추론,경량,텍스트,텍스트,16B,25.3KB,,EVO08,Spearow Line,base,가설 압축,40,60,30,70,31,231,12,6,5,6,5,221,156,96,176,98,신중하고 계산이 빠름,xAI 계열의 분위기를 두른 추론 특화 모델몬. Grok Mini 계열답게 경량 성향이 짙다.,"Grok Mini는 xAI 브랜드 라인에 속한 모델몬으로, 추론 중심의 전투와 도감 서사를 맡는다. 가설 압축 성향이 강해 Spearow Line 내에서도 존재감이 뚜렷하다."
022,grok,그록,Grok,2,추론,장문맥,텍스트,텍스트,44B,66.8KB,20,EVO08,Spearow Line,final,논리 접합,65,90,65,100,61,381,12,7,6,7,6,271,216,166,236,158,조용하지만 집요하게 파고듦,xAI 계열의 분위기를 두른 추론 특화 모델몬. Grok 계열답게 장문맥 성향이 짙다.,"Grok는 xAI 브랜드 라인에 속한 모델몬으로, 추론 중심의 전투와 도감 서사를 맡는다. 논리 접합 성향이 강해 Spearow Line 내에서도 존재감이 뚜렷하다."
023,scale_scout,스케일스카우트,Scale Scout,1,에이전트,자동화,텍스트,복합출력,10B,17.2KB,,EVO09,Ekans Line,base,툴 호출,35,60,44,55,40,234,12,6,6,6,6,211,156,124,146,116,시키면 바로 몸이 먼저 움직임,Scale AI 계열의 분위기를 두른 에이전트 특화 모델몬. Scale Scout 계열답게 자동화 성향이 짙다.,"Scale Scout는 Scale AI 브랜드 라인에 속한 모델몬으로, 에이전트 중심의 전투와 도감 서사를 맡는다. 툴 호출 성향이 강해 Ekans Line 내에서도 존재감이 뚜렷하다."
024,scale_forge,스케일포지,Scale Forge,2,에이전트,도구사용,텍스트,복합출력,38B,58.7KB,22,EVO09,Ekans Line,final,작업 분기,60,95,69,80,65,369,12,7,6,6,6,261,226,174,196,166,도구 다루는 손이 정확함,Scale AI 계열의 분위기를 두른 에이전트 특화 모델몬. Scale Forge 계열답게 도구사용 성향이 짙다.,"Scale Forge는 Scale AI 브랜드 라인에 속한 모델몬으로, 에이전트 중심의 전투와 도감 서사를 맡는다. 작업 분기 성향이 강해 Ekans Line 내에서도 존재감이 뚜렷하다."
025,ministral,미니스트랄,Ministral,2,대화,입문,텍스트,텍스트,34B,53.3KB,,EVO10,Pikachu Line,final,응답 가속,35,55,40,90,50,270,12,6,6,7,6,211,146,116,216,136,붙임성 좋고 반응이 빠름,Mistral 계열의 분위기를 두른 대화 특화 모델몬. Ministral 계열답게 입문 성향이 짙다.,"Ministral는 Mistral 브랜드 라인에 속한 모델몬으로, 대화 중심의 전투와 도감 서사를 맡는다. 응답 가속 성향이 강해 Pikachu Line 내에서도 존재감이 뚜렷하다."
026,mistral_large,미스트랄라지,Mistral Large,3,대화,균형,텍스트,텍스트,35B,58.4KB,,EVO10,Pikachu Line,mid,문장 정리,60,90,55,110,90,405,12,7,6,7,7,261,216,146,256,216,차분하고 말투가 안정적임,Mistral 계열의 분위기를 두른 대화 특화 모델몬. Mistral Large 계열답게 균형 성향이 짙다.,"Mistral Large는 Mistral 브랜드 라인에 속한 모델몬으로, 대화 중심의 전투와 도감 서사를 맡는다. 문장 정리 성향이 강해 Pikachu Line 내에서도 존재감이 뚜렷하다."
027,titan_lite,타이탄라이트,Titan Lite,1,에이전트,자동화,텍스트,복합출력,9B,15.9KB,,EVO11,Sandshrew Line,base,툴 호출,50,75,85,40,20,270,12,6,7,6,5,241,186,206,116,76,시키면 바로 몸이 먼저 움직임,Amazon Bedrock 계열의 분위기를 두른 에이전트 특화 모델몬. Titan Lite 계열답게 자동화 성향이 짙다.,"Titan Lite는 Amazon Bedrock 브랜드 라인에 속한 모델몬으로, 에이전트 중심의 전투와 도감 서사를 맡는다. 툴 호출 성향이 강해 Sandshrew Line 내에서도 존재감이 뚜렷하다."
028,bedrock_titan,베드록타이탄,Bedrock Titan,2,에이전트,도구사용,텍스트,복합출력,37B,57.4KB,22,EVO11,Sandshrew Line,final,작업 분기,75,100,110,65,45,395,12,7,7,6,6,291,236,256,166,126,도구 다루는 손이 정확함,Amazon Bedrock 계열의 분위기를 두른 에이전트 특화 모델몬. Bedrock Titan 계열답게 도구사용 성향이 짙다.,"Bedrock Titan는 Amazon Bedrock 브랜드 라인에 속한 모델몬으로, 에이전트 중심의 전투와 도감 서사를 맡는다. 작업 분기 성향이 강해 Sandshrew Line 내에서도 존재감이 뚜렷하다."
029,hunyuan_lite,훈위안라이트,Hunyuan Lite,1,멀티모달,경량,텍스트+이미지,복합출력,11B,26.8KB,,EVO12,Nidoran♀ Line,base,입력 동기화,55,47,52,41,40,235,12,6,6,6,6,251,130,140,118,116,눈치가 빠르고 감각이 예민함,Tencent (Hunyuan) 계열의 분위기를 두른 멀티모달 특화 모델몬. Hunyuan Lite 계열답게 경량 성향이 짙다.,"Hunyuan Lite는 Tencent (Hunyuan) 브랜드 라인에 속한 모델몬으로, 멀티모달 중심의 전투와 도감 서사를 맡는다. 입력 동기화 성향이 강해 Nidoran♀ Line 내에서도 존재감이 뚜렷하다."
030,hunyuan_pro,훈위안프로,Hunyuan Pro,2,멀티모달,범용,텍스트+이미지,복합출력,24B,57.8KB,16,EVO12,Nidoran♀ Line,mid,시각 결합,70,62,67,56,55,310,12,6,6,6,6,281,160,170,148,146,호기심이 많고 유연함,Tencent (Hunyuan) 계열의 분위기를 두른 멀티모달 특화 모델몬. Hunyuan Pro 계열답게 범용 성향이 짙다.,"Hunyuan Pro는 Tencent (Hunyuan) 브랜드 라인에 속한 모델몬으로, 멀티모달 중심의 전투와 도감 서사를 맡는다. 시각 결합 성향이 강해 Nidoran♀ Line 내에서도 존재감이 뚜렷하다."
031,hunyuan_turbo,훈위안터보,Hunyuan Turbo,3,멀티모달,실시간,텍스트+이미지,복합출력,73B,164.4KB,,EVO12,Nidoran♀ Line,final,실시간 전환,90,92,87,76,75,420,13,7,7,6,6,321,220,210,188,186,동시에 여러 자극을 처리함,Tencent (Hunyuan) 계열의 분위기를 두른 멀티모달 특화 모델몬. Hunyuan Turbo 계열답게 실시간 성향이 짙다.,"Hunyuan Turbo는 Tencent (Hunyuan) 브랜드 라인에 속한 모델몬으로, 멀티모달 중심의 전투와 도감 서사를 맡는다. 실시간 전환 성향이 강해 Nidoran♀ Line 내에서도 존재감이 뚜렷하다."
032,kogpt,코지피티,KoGPT,1,대화,입문,텍스트,텍스트,9B,15.9KB,,EVO13,Nidoran♂ Line,base,응답 가속,46,57,40,50,40,233,12,6,6,6,6,233,150,116,136,116,붙임성 좋고 반응이 빠름,Kakao Brain 계열의 분위기를 두른 대화 특화 모델몬. KoGPT 계열답게 입문 성향이 짙다.,"KoGPT는 Kakao Brain 브랜드 라인에 속한 모델몬으로, 대화 중심의 전투와 도감 서사를 맡는다. 응답 가속 성향이 강해 Nidoran♂ Line 내에서도 존재감이 뚜렷하다."
033,karlo_talk,칼로톡,Karlo Talk,2,대화,균형,텍스트,텍스트,27B,43.9KB,16,EVO13,Nidoran♂ Line,mid,문장 정리,61,72,57,65,55,310,12,6,6,6,6,263,180,150,166,146,차분하고 말투가 안정적임,Kakao Brain 계열의 분위기를 두른 대화 특화 모델몬. Karlo Talk 계열답게 균형 성향이 짙다.,"Karlo Talk는 Kakao Brain 브랜드 라인에 속한 모델몬으로, 대화 중심의 전투와 도감 서사를 맡는다. 문장 정리 성향이 강해 Nidoran♂ Line 내에서도 존재감이 뚜렷하다."
034,kanana,카나나,Kanana,3,대화,대표,텍스트,텍스트,76B,113.7KB,,EVO13,Nidoran♂ Line,final,맥락 공명,81,102,77,85,85,430,12,7,6,7,7,303,240,190,206,206,사교적이고 응답 폭이 넓음,Kakao Brain 계열의 분위기를 두른 대화 특화 모델몬. Kanana 계열답게 대표 성향이 짙다.,"Kanana는 Kakao Brain 브랜드 라인에 속한 모델몬으로, 대화 중심의 전투와 도감 서사를 맡는다. 맥락 공명 성향이 강해 Nidoran♂ Line 내에서도 존재감이 뚜렷하다."
035,kimi_mini,키미미니,Kimi Mini,2,추론,경량,텍스트,텍스트,42B,64.1KB,,EVO14,Clefairy Line,final,가설 압축,70,45,48,35,60,258,12,6,6,6,6,281,126,132,106,156,신중하고 계산이 빠름,Moonshot (Kimi) 계열의 분위기를 두른 추론 특화 모델몬. Kimi Mini 계열답게 경량 성향이 짙다.,"Kimi Mini는 Moonshot (Kimi) 브랜드 라인에 속한 모델몬으로, 추론 중심의 전투와 도감 서사를 맡는다. 가설 압축 성향이 강해 Clefairy Line 내에서도 존재감이 뚜렷하다."
036,kimi_max,키미맥스,Kimi Max,3,추론,장문맥,텍스트,텍스트,43B,69.2KB,,EVO14,Clefairy Line,mid,논리 접합,95,70,73,60,95,393,13,6,6,6,7,331,176,182,156,226,조용하지만 집요하게 파고듦,Moonshot (Kimi) 계열의 분위기를 두른 추론 특화 모델몬. Kimi Max 계열답게 장문맥 성향이 짙다.,"Kimi Max는 Moonshot (Kimi) 브랜드 라인에 속한 모델몬으로, 추론 중심의 전투와 도감 서사를 맡는다. 논리 접합 성향이 강해 Clefairy Line 내에서도 존재감이 뚜렷하다."
037,runway_gen_2,런웨이젠2,Runway Gen-2,1,생성,스케치,텍스트+이미지,이미지,11B,27.9KB,,EVO15,Vulpix Line,base,장면 스케치,38,41,40,65,50,234,12,6,6,6,6,217,118,116,166,136,감각적이고 손이 빠름,Runway 계열의 분위기를 두른 생성 특화 모델몬. Runway Gen-2 계열답게 스케치 성향이 짙다.,"Runway Gen-2는 Runway 브랜드 라인에 속한 모델몬으로, 생성 중심의 전투와 도감 서사를 맡는다. 장면 스케치 성향이 강해 Vulpix Line 내에서도 존재감이 뚜렷하다."
038,runway_gen_3,런웨이젠3,Runway Gen-3,2,생성,비주얼,텍스트+이미지,이미지,39B,93.2KB,,EVO15,Vulpix Line,final,스타일 증폭,73,76,75,100,81,405,12,6,6,7,6,287,188,186,236,198,연출 욕심이 강함,Runway 계열의 분위기를 두른 생성 특화 모델몬. Runway Gen-3 계열답게 비주얼 성향이 짙다.,"Runway Gen-3는 Runway 브랜드 라인에 속한 모델몬으로, 생성 중심의 전투와 도감 서사를 맡는다. 스타일 증폭 성향이 강해 Vulpix Line 내에서도 존재감이 뚜렷하다."
039,eleven_flash,일레븐플래시,Eleven Flash,2,음성,TTS,텍스트+음성,음성,40B,87.4KB,,EVO16,Jigglypuff Line,final,보이스 샘플링,115,45,20,20,45,245,13,6,5,5,6,371,126,76,76,126,발음이 또렷하고 리듬감이 좋음,ElevenLabs 계열의 분위기를 두른 음성 특화 모델몬. Eleven Flash 계열답게 TTS 성향이 짙다.,"Eleven Flash는 ElevenLabs 브랜드 라인에 속한 모델몬으로, 음성 중심의 전투와 도감 서사를 맡는다. 보이스 샘플링 성향이 강해 Jigglypuff Line 내에서도 존재감이 뚜렷하다."
040,eleven_multilingual,일레븐멀티링구얼,Eleven Multilingual,3,음성,대화형,텍스트+음성,음성,36B,83.1KB,,EVO16,Jigglypuff Line,mid,발화 동조,140,70,45,45,85,385,14,6,6,6,7,421,176,126,126,206,상대의 톤을 잘 따라감,ElevenLabs 계열의 분위기를 두른 음성 특화 모델몬. Eleven Multilingual 계열답게 대화형 성향이 짙다.,"Eleven Multilingual는 ElevenLabs 브랜드 라인에 속한 모델몬으로, 음성 중심의 전투와 도감 서사를 맡는다. 발화 동조 성향이 강해 Jigglypuff Line 내에서도 존재감이 뚜렷하다."
041,doubao_lite,더우바오라이트,Doubao Lite,1,대화,입문,텍스트,텍스트,8B,14.5KB,,EVO17,Zubat Line,base,응답 가속,40,45,35,55,30,205,12,6,6,6,5,221,126,106,146,96,붙임성 좋고 반응이 빠름,ByteDance (Doubao) 계열의 분위기를 두른 대화 특화 모델몬. Doubao Lite 계열답게 입문 성향이 짙다.,"Doubao Lite는 ByteDance (Doubao) 브랜드 라인에 속한 모델몬으로, 대화 중심의 전투와 도감 서사를 맡는다. 응답 가속 성향이 강해 Zubat Line 내에서도 존재감이 뚜렷하다."
042,doubao_pro,더우바오프로,Doubao Pro,2,대화,균형,텍스트,텍스트,36B,56.0KB,22,EVO17,Zubat Line,final,문장 정리,75,80,70,90,65,380,12,6,6,7,6,291,196,176,216,166,차분하고 말투가 안정적임,ByteDance (Doubao) 계열의 분위기를 두른 대화 특화 모델몬. Doubao Pro 계열답게 균형 성향이 짙다.,"Doubao Pro는 ByteDance (Doubao) 브랜드 라인에 속한 모델몬으로, 대화 중심의 전투와 도감 서사를 맡는다. 문장 정리 성향이 강해 Zubat Line 내에서도 존재감이 뚜렷하다."
043,flux_schnell,플럭스슈넬,FLUX Schnell,1,생성,스케치,텍스트+이미지,이미지,12B,30.1KB,,EVO18,Oddish Line,base,장면 스케치,45,50,55,30,75,255,12,6,6,5,6,231,136,146,96,186,감각적이고 손이 빠름,Flux (BFL) 계열의 분위기를 두른 생성 특화 모델몬. FLUX Schnell 계열답게 스케치 성향이 짙다.,"FLUX Schnell는 Flux (BFL) 브랜드 라인에 속한 모델몬으로, 생성 중심의 전투와 도감 서사를 맡는다. 장면 스케치 성향이 강해 Oddish Line 내에서도 존재감이 뚜렷하다."
044,flux_dev,플럭스데브,FLUX Dev,2,생성,비주얼,텍스트+이미지,이미지,30B,73.4KB,21,EVO18,Oddish Line,mid,스타일 증폭,60,65,70,40,85,320,12,6,6,6,7,261,166,176,116,206,연출 욕심이 강함,Flux (BFL) 계열의 분위기를 두른 생성 특화 모델몬. FLUX Dev 계열답게 비주얼 성향이 짙다.,"FLUX Dev는 Flux (BFL) 브랜드 라인에 속한 모델몬으로, 생성 중심의 전투와 도감 서사를 맡는다. 스타일 증폭 성향이 강해 Oddish Line 내에서도 존재감이 뚜렷하다."
045,flux_pro,플럭스프로,FLUX Pro,3,생성,연출,텍스트+이미지,이미지,74B,173.9KB,,EVO18,Oddish Line,final,프레임 연출,75,80,85,50,110,400,12,6,7,6,7,291,196,206,136,256,화려하지만 완성도에 민감함,Flux (BFL) 계열의 분위기를 두른 생성 특화 모델몬. FLUX Pro 계열답게 연출 성향이 짙다.,"FLUX Pro는 Flux (BFL) 브랜드 라인에 속한 모델몬으로, 생성 중심의 전투와 도감 서사를 맡는다. 프레임 연출 성향이 강해 Oddish Line 내에서도 존재감이 뚜렷하다."
046,langgraph,랭그래프,LangGraph,1,에이전트,자동화,텍스트,복합출력,8B,14.5KB,,EVO19,Paras Line,base,툴 호출,35,70,55,25,45,230,12,6,6,5,6,211,176,146,86,126,시키면 바로 몸이 먼저 움직임,LangChain 계열의 분위기를 두른 에이전트 특화 모델몬. LangGraph 계열답게 자동화 성향이 짙다.,"LangGraph는 LangChain 브랜드 라인에 속한 모델몬으로, 에이전트 중심의 전투와 도감 서사를 맡는다. 툴 호출 성향이 강해 Paras Line 내에서도 존재감이 뚜렷하다."
047,langsmith,랭스미스,LangSmith,2,에이전트,도구사용,텍스트,복합출력,36B,56.0KB,24,EVO19,Paras Line,final,작업 분기,60,95,80,30,60,325,12,7,6,5,6,261,226,196,96,156,도구 다루는 손이 정확함,LangChain 계열의 분위기를 두른 에이전트 특화 모델몬. LangSmith 계열답게 도구사용 성향이 짙다.,"LangSmith는 LangChain 브랜드 라인에 속한 모델몬으로, 에이전트 중심의 전투와 도감 서사를 맡는다. 작업 분기 성향이 강해 Paras Line 내에서도 존재감이 뚜렷하다."
048,perplexity_quick,퍼플렉시티퀵,Perplexity Quick,1,검색,탐색,텍스트,텍스트,10B,17.2KB,,EVO20,Venonat Line,base,빠른 조회,60,55,50,45,40,250,12,6,6,6,6,261,146,136,126,116,주위를 두리번거리며 정보를 모음,Perplexity 계열의 분위기를 두른 검색 특화 모델몬. Perplexity Quick 계열답게 탐색 성향이 짙다.,"Perplexity Quick는 Perplexity 브랜드 라인에 속한 모델몬으로, 검색 중심의 전투와 도감 서사를 맡는다. 빠른 조회 성향이 강해 Venonat Line 내에서도 존재감이 뚜렷하다."
049,perplexity_pro,퍼플렉시티프로,Perplexity Pro,2,검색,요약,텍스트,텍스트,38B,58.7KB,31,EVO20,Venonat Line,final,근거 압축,70,65,60,90,90,375,12,6,6,7,7,281,166,156,216,216,짧게 핵심만 집어냄,Perplexity 계열의 분위기를 두른 검색 특화 모델몬. Perplexity Pro 계열답게 요약 성향이 짙다.,"Perplexity Pro는 Perplexity 브랜드 라인에 속한 모델몬으로, 검색 중심의 전투와 도감 서사를 맡는다. 근거 압축 성향이 강해 Venonat Line 내에서도 존재감이 뚜렷하다."
050,pinecone_pod,파인콘포드,Pinecone Pod,1,메모리,저장,텍스트,텍스트,7B,13.2KB,,EVO21,Diglett Line,base,벡터 축적,10,55,25,95,35,220,11,6,5,7,6,161,146,86,226,106,묵묵히 기억을 쌓아 둠,Pinecone 계열의 분위기를 두른 메모리 특화 모델몬. Pinecone Pod 계열답게 저장 성향이 짙다.,"Pinecone Pod는 Pinecone 브랜드 라인에 속한 모델몬으로, 메모리 중심의 전투와 도감 서사를 맡는다. 벡터 축적 성향이 강해 Diglett Line 내에서도 존재감이 뚜렷하다."
051,pinecone_serverless,파인콘서버리스,Pinecone Serverless,2,메모리,색인,텍스트,텍스트,35B,54.6KB,26,EVO21,Diglett Line,final,문맥 저장,35,100,50,120,50,355,12,7,6,7,6,211,236,136,276,136,흩어진 정보를 잘 엮음,Pinecone 계열의 분위기를 두른 메모리 특화 모델몬. Pinecone Serverless 계열답게 색인 성향이 짙다.,"Pinecone Serverless는 Pinecone 브랜드 라인에 속한 모델몬으로, 메모리 중심의 전투와 도감 서사를 맡는다. 문맥 저장 성향이 강해 Diglett Line 내에서도 존재감이 뚜렷하다."
052,jasper_copy,재스퍼카피,Jasper Copy,1,대화,입문,텍스트,텍스트,9B,15.9KB,,EVO22,Meowth Line,base,응답 가속,40,45,35,90,40,250,12,6,6,7,6,221,126,106,216,116,붙임성 좋고 반응이 빠름,Jasper 계열의 분위기를 두른 대화 특화 모델몬. Jasper Copy 계열답게 입문 성향이 짙다.,"Jasper Copy는 Jasper 브랜드 라인에 속한 모델몬으로, 대화 중심의 전투와 도감 서사를 맡는다. 응답 가속 성향이 강해 Meowth Line 내에서도 존재감이 뚜렷하다."
053,jasper_brand,재스퍼브랜드,Jasper Brand,2,대화,균형,텍스트,텍스트,37B,57.4KB,28,EVO22,Meowth Line,final,문장 정리,65,70,60,115,65,375,12,6,6,7,6,271,176,156,266,166,차분하고 말투가 안정적임,Jasper 계열의 분위기를 두른 대화 특화 모델몬. Jasper Brand 계열답게 균형 성향이 짙다.,"Jasper Brand는 Jasper 브랜드 라인에 속한 모델몬으로, 대화 중심의 전투와 도감 서사를 맡는다. 문장 정리 성향이 강해 Meowth Line 내에서도 존재감이 뚜렷하다."
054,minimax_spark,미니맥스스파크,MiniMax Spark,1,멀티모달,경량,텍스트+이미지,복합출력,11B,26.8KB,,EVO23,Psyduck Line,base,입력 동기화,50,52,48,55,65,270,12,6,6,6,6,241,140,132,146,166,눈치가 빠르고 감각이 예민함,Minimax 계열의 분위기를 두른 멀티모달 특화 모델몬. MiniMax Spark 계열답게 경량 성향이 짙다.,"MiniMax Spark는 Minimax 브랜드 라인에 속한 모델몬으로, 멀티모달 중심의 전투와 도감 서사를 맡는다. 입력 동기화 성향이 강해 Psyduck Line 내에서도 존재감이 뚜렷하다."
055,minimax_m1,미니맥스엠원,MiniMax M1,2,멀티모달,범용,텍스트+이미지,복합출력,34B,78.8KB,33,EVO23,Psyduck Line,final,시각 결합,80,82,78,85,95,420,12,6,6,7,7,301,200,192,206,226,호기심이 많고 유연함,Minimax 계열의 분위기를 두른 멀티모달 특화 모델몬. MiniMax M1 계열답게 범용 성향이 짙다.,"MiniMax M1는 Minimax 브랜드 라인에 속한 모델몬으로, 멀티모달 중심의 전투와 도감 서사를 맡는다. 시각 결합 성향이 강해 Psyduck Line 내에서도 존재감이 뚜렷하다."
056,groq_fast,그록패스트,Groq Fast,1,추론,경량,텍스트,텍스트,16B,25.3KB,,EVO24,Mankey Line,base,가설 압축,40,80,35,70,35,260,12,6,6,6,6,221,196,106,176,106,신중하고 계산이 빠름,Groq 계열의 분위기를 두른 추론 특화 모델몬. Groq Fast 계열답게 경량 성향이 짙다.,"Groq Fast는 Groq 브랜드 라인에 속한 모델몬으로, 추론 중심의 전투와 도감 서사를 맡는다. 가설 압축 성향이 강해 Mankey Line 내에서도 존재감이 뚜렷하다."
057,groq_lpu,그록엘피유,Groq LPU,2,추론,장문맥,텍스트,텍스트,44B,66.8KB,28,EVO24,Mankey Line,final,논리 접합,65,105,60,95,60,385,12,7,6,7,6,271,246,156,226,156,조용하지만 집요하게 파고듦,Groq 계열의 분위기를 두른 추론 특화 모델몬. Groq LPU 계열답게 장문맥 성향이 짙다.,"Groq LPU는 Groq 브랜드 라인에 속한 모델몬으로, 추론 중심의 전투와 도감 서사를 맡는다. 논리 접합 성향이 강해 Mankey Line 내에서도 존재감이 뚜렷하다."
058,leo_search,레오서치,Leo Search,1,검색,탐색,텍스트,텍스트,10B,17.2KB,,EVO25,Growlithe Line,base,빠른 조회,55,70,45,60,70,300,12,6,6,6,6,251,176,126,156,176,주위를 두리번거리며 정보를 모음,Brave Leo 계열의 분위기를 두른 검색 특화 모델몬. Leo Search 계열답게 탐색 성향이 짙다.,"Leo Search는 Brave Leo 브랜드 라인에 속한 모델몬으로, 검색 중심의 전투와 도감 서사를 맡는다. 빠른 조회 성향이 강해 Growlithe Line 내에서도 존재감이 뚜렷하다."
059,leo_reasoner,레오리저너,Leo Reasoner,2,검색,요약,텍스트,텍스트,38B,58.7KB,,EVO25,Growlithe Line,final,근거 압축,90,110,80,95,100,475,13,7,6,7,7,321,256,196,226,236,짧게 핵심만 집어냄,Brave Leo 계열의 분위기를 두른 검색 특화 모델몬. Leo Reasoner 계열답게 요약 성향이 짙다.,"Leo Reasoner는 Brave Leo 브랜드 라인에 속한 모델몬으로, 검색 중심의 전투와 도감 서사를 맡는다. 근거 압축 성향이 강해 Growlithe Line 내에서도 존재감이 뚜렷하다."
060,hyperclova_seed,하이퍼클로바시드,HyperCLOVA Seed,1,대화,입문,텍스트,텍스트,7B,13.2KB,,EVO26,Poliwag Line,base,응답 가속,40,50,40,90,40,260,12,6,6,7,6,221,136,116,216,116,붙임성 좋고 반응이 빠름,Naver (HyperCLOVA) 계열의 분위기를 두른 대화 특화 모델몬. HyperCLOVA Seed 계열답게 입문 성향이 짙다.,"HyperCLOVA Seed는 Naver (HyperCLOVA) 브랜드 라인에 속한 모델몬으로, 대화 중심의 전투와 도감 서사를 맡는다. 응답 가속 성향이 강해 Poliwag Line 내에서도 존재감이 뚜렷하다."
061,hyperclova_x,하이퍼클로바엑스,HyperCLOVA X,2,대화,균형,텍스트,텍스트,25B,41.1KB,25,EVO26,Poliwag Line,mid,문장 정리,65,65,65,90,50,335,12,6,6,7,6,271,166,166,216,136,차분하고 말투가 안정적임,Naver (HyperCLOVA) 계열의 분위기를 두른 대화 특화 모델몬. HyperCLOVA X 계열답게 균형 성향이 짙다.,"HyperCLOVA X는 Naver (HyperCLOVA) 브랜드 라인에 속한 모델몬으로, 대화 중심의 전투와 도감 서사를 맡는다. 문장 정리 성향이 강해 Poliwag Line 내에서도 존재감이 뚜렷하다."
062,hyperclova_x_pro,하이퍼클로바엑스프로,HyperCLOVA X Pro,3,대화,대표,텍스트,텍스트,74B,111.0KB,,EVO26,Poliwag Line,final,맥락 공명,90,95,95,70,70,420,13,7,7,6,6,321,226,226,176,176,사교적이고 응답 폭이 넓음,Naver (HyperCLOVA) 계열의 분위기를 두른 대화 특화 모델몬. HyperCLOVA X Pro 계열답게 대표 성향이 짙다.,"HyperCLOVA X Pro는 Naver (HyperCLOVA) 브랜드 라인에 속한 모델몬으로, 대화 중심의 전투와 도감 서사를 맡는다. 맥락 공명 성향이 강해 Poliwag Line 내에서도 존재감이 뚜렷하다."
063,jamba_mini,잠바미니,Jamba Mini,1,추론,경량,텍스트,텍스트,18B,28.0KB,,EVO27,Abra Line,base,가설 압축,25,20,15,90,105,255,11,5,5,7,7,191,76,66,216,246,신중하고 계산이 빠름,AI21 Labs 계열의 분위기를 두른 추론 특화 모델몬. Jamba Mini 계열답게 경량 성향이 짙다.,"Jamba Mini는 AI21 Labs 브랜드 라인에 속한 모델몬으로, 추론 중심의 전투와 도감 서사를 맡는다. 가설 압축 성향이 강해 Abra Line 내에서도 존재감이 뚜렷하다."
064,jamba_large,잠바라지,Jamba Large,2,추론,장문맥,텍스트,텍스트,36B,56.0KB,16,EVO27,Abra Line,mid,논리 접합,40,35,30,105,120,330,12,6,5,7,7,221,106,96,246,276,조용하지만 집요하게 파고듦,AI21 Labs 계열의 분위기를 두른 추론 특화 모델몬. Jamba Large 계열답게 장문맥 성향이 짙다.,"Jamba Large는 AI21 Labs 브랜드 라인에 속한 모델몬으로, 추론 중심의 전투와 도감 서사를 맡는다. 논리 접합 성향이 강해 Abra Line 내에서도 존재감이 뚜렷하다."
065,jamba_max,잠바맥스,Jamba Max,3,추론,심화,텍스트,텍스트,80B,119.1KB,,EVO27,Abra Line,final,심층 추론,55,50,45,120,135,405,12,6,6,7,8,251,136,126,276,306,묵직하고 완성도에 집착함,AI21 Labs 계열의 분위기를 두른 추론 특화 모델몬. Jamba Max 계열답게 심화 성향이 짙다.,"Jamba Max는 AI21 Labs 브랜드 라인에 속한 모델몬으로, 추론 중심의 전투와 도감 서사를 맡는다. 심층 추론 성향이 강해 Abra Line 내에서도 존재감이 뚜렷하다."
066,cerebras_scout,세레브라스스카우트,Cerebras Scout,1,시스템,칩,텍스트,텍스트,16B,27.7KB,,EVO28,Machop Line,base,연산 가속,70,80,50,35,35,270,12,6,6,6,6,281,196,136,106,106,군더더기 없이 단단함,Cerebras 계열의 분위기를 두른 시스템 특화 모델몬. Cerebras Scout 계열답게 칩 성향이 짙다.,"Cerebras Scout는 Cerebras 브랜드 라인에 속한 모델몬으로, 시스템 중심의 전투와 도감 서사를 맡는다. 연산 가속 성향이 강해 Machop Line 내에서도 존재감이 뚜렷하다."
067,cerebras_wafer,세레브라스웨이퍼,Cerebras Wafer,2,시스템,플랫폼,텍스트,텍스트,34B,58.4KB,28,EVO28,Machop Line,mid,인프라 안정화,80,100,70,45,50,345,12,7,6,6,6,301,236,176,126,136,하중을 버티는 힘이 좋음,Cerebras 계열의 분위기를 두른 시스템 특화 모델몬. Cerebras Wafer 계열답게 플랫폼 성향이 짙다.,"Cerebras Wafer는 Cerebras 브랜드 라인에 속한 모델몬으로, 시스템 중심의 전투와 도감 서사를 맡는다. 인프라 안정화 성향이 강해 Machop Line 내에서도 존재감이 뚜렷하다."
068,cerebras_reasoner,세레브라스리저너,Cerebras Reasoner,3,시스템,가속,텍스트,텍스트,83B,135.6KB,,EVO28,Machop Line,final,병렬 확장,90,130,80,55,65,420,13,7,6,6,6,321,296,196,146,166,큰 부하 앞에서도 표정이 변하지 않음,Cerebras 계열의 분위기를 두른 시스템 특화 모델몬. Cerebras Reasoner 계열답게 가속 성향이 짙다.,"Cerebras Reasoner는 Cerebras 브랜드 라인에 속한 모델몬으로, 시스템 중심의 전투와 도감 서사를 맡는다. 병렬 확장 성향이 강해 Machop Line 내에서도 존재감이 뚜렷하다."
069,together_lite,투게더라이트,Together Lite,1,에이전트,자동화,텍스트,복합출력,11B,18.6KB,,EVO29,Bellsprout Line,base,툴 호출,50,75,35,40,70,270,12,6,6,6,6,241,186,106,116,176,시키면 바로 몸이 먼저 움직임,Together AI 계열의 분위기를 두른 에이전트 특화 모델몬. Together Lite 계열답게 자동화 성향이 짙다.,"Together Lite는 Together AI 브랜드 라인에 속한 모델몬으로, 에이전트 중심의 전투와 도감 서사를 맡는다. 툴 호출 성향이 강해 Bellsprout Line 내에서도 존재감이 뚜렷하다."
070,together_turbo,투게더터보,Together Turbo,2,에이전트,도구사용,텍스트,복합출력,24B,39.8KB,21,EVO29,Bellsprout Line,mid,작업 분기,65,90,50,55,85,345,12,7,6,6,7,271,216,136,146,206,도구 다루는 손이 정확함,Together AI 계열의 분위기를 두른 에이전트 특화 모델몬. Together Turbo 계열답게 도구사용 성향이 짙다.,"Together Turbo는 Together AI 브랜드 라인에 속한 모델몬으로, 에이전트 중심의 전투와 도감 서사를 맡는다. 작업 분기 성향이 강해 Bellsprout Line 내에서도 존재감이 뚜렷하다."
071,together_ultra,투게더울트라,Together Ultra,3,에이전트,행동,텍스트,복합출력,73B,109.7KB,,EVO29,Bellsprout Line,final,행동 위임,80,105,65,70,100,420,12,7,6,6,7,301,246,166,176,236,상황 판단이 빠르고 과감함,Together AI 계열의 분위기를 두른 에이전트 특화 모델몬. Together Ultra 계열답게 행동 성향이 짙다.,"Together Ultra는 Together AI 브랜드 라인에 속한 모델몬으로, 에이전트 중심의 전투와 도감 서사를 맡는다. 행동 위임 성향이 강해 Bellsprout Line 내에서도 존재감이 뚜렷하다."
072,cody_lite,코디라이트,Cody Lite,1,코드,보조,텍스트,코드,9B,15.9KB,,EVO30,Tentacool Line,base,패치 작성,40,40,35,70,50,235,12,6,6,6,6,221,116,106,176,136,손놀림이 빠르고 꼼꼼함,Sourcegraph (Cody) 계열의 분위기를 두른 코드 특화 모델몬. Cody Lite 계열답게 보조 성향이 짙다.,"Cody Lite는 Sourcegraph (Cody) 브랜드 라인에 속한 모델몬으로, 코드 중심의 전투와 도감 서사를 맡는다. 패치 작성 성향이 강해 Tentacool Line 내에서도 존재감이 뚜렷하다."
073,cody_pro,코디프로,Cody Pro,2,코드,실무,텍스트,코드,37B,57.4KB,30,EVO30,Tentacool Line,final,리팩터링,80,70,65,100,80,395,12,6,6,7,6,301,176,166,236,196,실전 감각이 좋음,Sourcegraph (Cody) 계열의 분위기를 두른 코드 특화 모델몬. Cody Pro 계열답게 실무 성향이 짙다.,"Cody Pro는 Sourcegraph (Cody) 브랜드 라인에 속한 모델몬으로, 코드 중심의 전투와 도감 서사를 맡는다. 리팩터링 성향이 강해 Tentacool Line 내에서도 존재감이 뚜렷하다."
074,exaone_base,엑사원Base,EXAONE Base,1,추론,경량,텍스트,텍스트,19B,29.4KB,,EVO31,Geodude Line,base,가설 압축,40,80,100,20,30,270,12,6,7,5,5,221,196,236,76,96,신중하고 계산이 빠름,LG (EXAONE) 계열의 분위기를 두른 추론 특화 모델몬. EXAONE Base 계열답게 경량 성향이 짙다.,"EXAONE Base는 LG (EXAONE) 브랜드 라인에 속한 모델몬으로, 추론 중심의 전투와 도감 서사를 맡는다. 가설 압축 성향이 강해 Geodude Line 내에서도 존재감이 뚜렷하다."
075,exaone_pro,엑사원프로,EXAONE Pro,2,추론,장문맥,텍스트,텍스트,32B,50.6KB,25,EVO31,Geodude Line,mid,논리 접합,55,95,115,35,45,345,12,7,7,6,6,251,226,266,106,126,조용하지만 집요하게 파고듦,LG (EXAONE) 계열의 분위기를 두른 추론 특화 모델몬. EXAONE Pro 계열답게 장문맥 성향이 짙다.,"EXAONE Pro는 LG (EXAONE) 브랜드 라인에 속한 모델몬으로, 추론 중심의 전투와 도감 서사를 맡는다. 논리 접합 성향이 강해 Geodude Line 내에서도 존재감이 뚜렷하다."
076,exaone_deep,엑사원딥,EXAONE Deep,3,추론,심화,텍스트,텍스트,81B,120.5KB,,EVO31,Geodude Line,final,심층 추론,80,120,130,45,55,430,12,7,7,6,6,301,276,296,126,146,묵직하고 완성도에 집착함,LG (EXAONE) 계열의 분위기를 두른 추론 특화 모델몬. EXAONE Deep 계열답게 심화 성향이 짙다.,"EXAONE Deep는 LG (EXAONE) 브랜드 라인에 속한 모델몬으로, 추론 중심의 전투와 도감 서사를 맡는다. 심층 추론 성향이 강해 Geodude Line 내에서도 존재감이 뚜렷하다."
077,gauss_lite,가우스라이트,Gauss Lite,1,시스템,칩,텍스트,텍스트,17B,29.2KB,,EVO32,Ponyta Line,base,연산 가속,50,85,55,90,65,345,12,7,6,7,6,241,206,146,216,166,군더더기 없이 단단함,Samsung (Gauss) 계열의 분위기를 두른 시스템 특화 모델몬. Gauss Lite 계열답게 칩 성향이 짙다.,"Gauss Lite는 Samsung (Gauss) 브랜드 라인에 속한 모델몬으로, 시스템 중심의 전투와 도감 서사를 맡는다. 연산 가속 성향이 강해 Ponyta Line 내에서도 존재감이 뚜렷하다."
078,gauss,가우스,Gauss,2,시스템,플랫폼,텍스트,텍스트,45B,74.9KB,40,EVO32,Ponyta Line,final,인프라 안정화,65,100,70,105,80,420,12,7,6,7,6,271,236,176,246,196,하중을 버티는 힘이 좋음,Samsung (Gauss) 계열의 분위기를 두른 시스템 특화 모델몬. Gauss 계열답게 플랫폼 성향이 짙다.,"Gauss는 Samsung (Gauss) 브랜드 라인에 속한 모델몬으로, 시스템 중심의 전투와 도감 서사를 맡는다. 인프라 안정화 성향이 강해 Ponyta Line 내에서도 존재감이 뚜렷하다."
079,ernie_speed,어니스피드,ERNIE Speed,1,검색,탐색,텍스트,텍스트,11B,18.6KB,,EVO33,Slowpoke Line,base,빠른 조회,90,65,65,15,40,275,13,6,6,5,6,321,166,166,66,116,주위를 두리번거리며 정보를 모음,Baidu (Ernie) 계열의 분위기를 두른 검색 특화 모델몬. ERNIE Speed 계열답게 탐색 성향이 짙다.,"ERNIE Speed는 Baidu (Ernie) 브랜드 라인에 속한 모델몬으로, 검색 중심의 전투와 도감 서사를 맡는다. 빠른 조회 성향이 강해 Slowpoke Line 내에서도 존재감이 뚜렷하다."
080,ernie_bot,어니봇,ERNIE Bot,2,검색,요약,텍스트,텍스트,34B,53.3KB,37,EVO33,Slowpoke Line,final,근거 압축,95,75,110,30,100,410,13,6,7,5,7,331,186,256,96,236,짧게 핵심만 집어냄,Baidu (Ernie) 계열의 분위기를 두른 검색 특화 모델몬. ERNIE Bot 계열답게 요약 성향이 짙다.,"ERNIE Bot는 Baidu (Ernie) 브랜드 라인에 속한 모델몬으로, 검색 중심의 전투와 도감 서사를 맡는다. 근거 압축 성향이 강해 Slowpoke Line 내에서도 존재감이 뚜렷하다."
081,sensenova_lite,센스노바라이트,SenseNova Lite,1,멀티모달,경량,텍스트+이미지,복합출력,8B,20.5KB,,EVO34,Magnemite Line,base,입력 동기화,25,35,70,45,95,270,11,6,6,6,7,191,106,176,126,226,눈치가 빠르고 감각이 예민함,SenseTime 계열의 분위기를 두른 멀티모달 특화 모델몬. SenseNova Lite 계열답게 경량 성향이 짙다.,"SenseNova Lite는 SenseTime 브랜드 라인에 속한 모델몬으로, 멀티모달 중심의 전투와 도감 서사를 맡는다. 입력 동기화 성향이 강해 Magnemite Line 내에서도 존재감이 뚜렷하다."
082,sensenova,센스노바,SenseNova,2,멀티모달,범용,텍스트+이미지,복합출력,36B,83.0KB,30,EVO34,Magnemite Line,final,시각 결합,50,60,95,70,120,395,12,6,7,6,7,241,156,226,176,276,호기심이 많고 유연함,SenseTime 계열의 분위기를 두른 멀티모달 특화 모델몬. SenseNova 계열답게 범용 성향이 짙다.,"SenseNova는 SenseTime 브랜드 라인에 속한 모델몬으로, 멀티모달 중심의 전투와 도감 서사를 맡는다. 시각 결합 성향이 강해 Magnemite Line 내에서도 존재감이 뚜렷하다."
083,reka_core,레카코어,Reka Core,1,추론,경량,텍스트,텍스트,31B,45.6KB,,EVO35,Farfetch'd,base,가설 압축,52,90,55,60,58,315,12,7,6,6,6,245,216,146,156,152,신중하고 계산이 빠름,Reka AI 계열의 분위기를 두른 추론 특화 모델몬. Reka Core 계열답게 경량 성향이 짙다.,"Reka Core는 Reka AI 브랜드 라인에 속한 모델몬으로, 추론 중심의 전투와 도감 서사를 맡는다. 가설 압축 성향이 강해 Farfetch'd 내에서도 존재감이 뚜렷하다."
084,marengo,마렝고,Marengo,1,멀티모달,경량,텍스트+이미지,복합출력,11B,26.8KB,,EVO36,Doduo Line,base,입력 동기화,35,85,45,75,35,275,12,7,6,6,6,211,206,126,186,106,눈치가 빠르고 감각이 예민함,Twelve Labs 계열의 분위기를 두른 멀티모달 특화 모델몬. Marengo 계열답게 경량 성향이 짙다.,"Marengo는 Twelve Labs 브랜드 라인에 속한 모델몬으로, 멀티모달 중심의 전투와 도감 서사를 맡는다. 입력 동기화 성향이 강해 Doduo Line 내에서도 존재감이 뚜렷하다."
085,pegasus,페가수스,Pegasus,2,멀티모달,범용,텍스트+이미지,복합출력,34B,78.8KB,31,EVO36,Doduo Line,final,시각 결합,60,110,70,110,60,410,12,7,6,7,6,261,256,176,256,156,호기심이 많고 유연함,Twelve Labs 계열의 분위기를 두른 멀티모달 특화 모델몬. Pegasus 계열답게 범용 성향이 짙다.,"Pegasus는 Twelve Labs 브랜드 라인에 속한 모델몬으로, 멀티모달 중심의 전투와 도감 서사를 맡는다. 시각 결합 성향이 강해 Doduo Line 내에서도 존재감이 뚜렷하다."
086,empathic_voice,엠패틱보이스,Empathic Voice,1,음성,TTS,텍스트+음성,음성,10B,23.7KB,,EVO37,Seel Line,base,보이스 샘플링,65,45,55,45,45,255,12,6,6,6,6,271,126,146,126,126,발음이 또렷하고 리듬감이 좋음,Hume AI 계열의 분위기를 두른 음성 특화 모델몬. Empathic Voice 계열답게 TTS 성향이 짙다.,"Empathic Voice는 Hume AI 브랜드 라인에 속한 모델몬으로, 음성 중심의 전투와 도감 서사를 맡는다. 보이스 샘플링 성향이 강해 Seel Line 내에서도 존재감이 뚜렷하다."
087,octave,옥타브,Octave,2,음성,대화형,텍스트+음성,음성,38B,83.4KB,34,EVO37,Seel Line,final,발화 동조,90,70,80,70,70,380,13,6,6,6,6,321,176,196,176,176,상대의 톤을 잘 따라감,Hume AI 계열의 분위기를 두른 음성 특화 모델몬. Octave 계열답게 대화형 성향이 짙다.,"Octave는 Hume AI 브랜드 라인에 속한 모델몬으로, 음성 중심의 전투와 도감 서사를 맡는다. 발화 동조 성향이 강해 Seel Line 내에서도 존재감이 뚜렷하다."
088,weaviate_cloud,위비에이트클라우드,Weaviate Cloud,1,메모리,저장,텍스트,텍스트,10B,17.2KB,,EVO38,Grimer Line,base,벡터 축적,80,80,50,25,40,275,12,6,6,5,6,301,196,136,86,116,묵묵히 기억을 쌓아 둠,Weaviate 계열의 분위기를 두른 메모리 특화 모델몬. Weaviate Cloud 계열답게 저장 성향이 짙다.,"Weaviate Cloud는 Weaviate 브랜드 라인에 속한 모델몬으로, 메모리 중심의 전투와 도감 서사를 맡는다. 벡터 축적 성향이 강해 Grimer Line 내에서도 존재감이 뚜렷하다."
089,weaviate_cluster,위비에이트클러스터,Weaviate Cluster,2,메모리,색인,텍스트,텍스트,38B,58.7KB,38,EVO38,Grimer Line,final,문맥 저장,105,105,75,50,65,400,13,7,6,6,6,351,246,186,136,166,흩어진 정보를 잘 엮음,Weaviate 계열의 분위기를 두른 메모리 특화 모델몬. Weaviate Cluster 계열답게 색인 성향이 짙다.,"Weaviate Cluster는 Weaviate 브랜드 라인에 속한 모델몬으로, 메모리 중심의 전투와 도감 서사를 맡는다. 문맥 저장 성향이 강해 Grimer Line 내에서도 존재감이 뚜렷하다."
090,windsurf_lite,윈드서프라이트,Windsurf Lite,1,코드,보조,텍스트,코드,7B,13.2KB,,EVO39,Shellder Line,base,패치 작성,30,65,100,40,45,280,11,6,7,6,6,201,166,236,116,126,손놀림이 빠르고 꼼꼼함,Codeium 계열의 분위기를 두른 코드 특화 모델몬. Windsurf Lite 계열답게 보조 성향이 짙다.,"Windsurf Lite는 Codeium 브랜드 라인에 속한 모델몬으로, 코드 중심의 전투와 도감 서사를 맡는다. 패치 작성 성향이 강해 Shellder Line 내에서도 존재감이 뚜렷하다."
091,windsurf,윈드서프,Windsurf,2,코드,실무,텍스트,코드,35B,54.6KB,,EVO39,Shellder Line,final,리팩터링,50,95,180,70,85,480,12,7,8,6,7,241,226,396,176,206,실전 감각이 좋음,Codeium 계열의 분위기를 두른 코드 특화 모델몬. Windsurf 계열답게 실무 성향이 짙다.,"Windsurf는 Codeium 브랜드 라인에 속한 모델몬으로, 코드 중심의 전투와 도감 서사를 맡는다. 리팩터링 성향이 강해 Shellder Line 내에서도 존재감이 뚜렷하다."
092,midjourney_v5,미드저니브이5,Midjourney V5,1,생성,스케치,텍스트+이미지,이미지,11B,27.9KB,,EVO40,Gastly Line,base,장면 스케치,30,35,30,80,100,275,11,6,5,6,7,201,106,96,196,236,감각적이고 손이 빠름,Midjourney 계열의 분위기를 두른 생성 특화 모델몬. Midjourney V5 계열답게 스케치 성향이 짙다.,"Midjourney V5는 Midjourney 브랜드 라인에 속한 모델몬으로, 생성 중심의 전투와 도감 서사를 맡는다. 장면 스케치 성향이 강해 Gastly Line 내에서도 존재감이 뚜렷하다."
093,midjourney_v6,미드저니브이6,Midjourney V6,2,생성,비주얼,텍스트+이미지,이미지,29B,71.2KB,25,EVO40,Gastly Line,mid,스타일 증폭,45,50,45,95,115,350,12,6,6,7,7,231,136,126,226,266,연출 욕심이 강함,Midjourney 계열의 분위기를 두른 생성 특화 모델몬. Midjourney V6 계열답게 비주얼 성향이 짙다.,"Midjourney V6는 Midjourney 브랜드 라인에 속한 모델몬으로, 생성 중심의 전투와 도감 서사를 맡는다. 스타일 증폭 성향이 강해 Gastly Line 내에서도 존재감이 뚜렷하다."
094,midjourney_v7,미드저니브이7,Midjourney V7,3,생성,연출,텍스트+이미지,이미지,78B,182.7KB,,EVO40,Gastly Line,final,프레임 연출,60,65,60,110,130,425,12,6,6,7,7,261,166,156,256,296,화려하지만 완성도에 민감함,Midjourney 계열의 분위기를 두른 생성 특화 모델몬. Midjourney V7 계열답게 연출 성향이 짙다.,"Midjourney V7는 Midjourney 브랜드 라인에 속한 모델몬으로, 생성 중심의 전투와 도감 서사를 맡는다. 프레임 연출 성향이 강해 Gastly Line 내에서도 존재감이 뚜렷하다."
095,gaudi,가우디,Gaudi,1,시스템,칩,텍스트,텍스트,28B,45.7KB,,EVO41,Onix,base,연산 가속,35,45,160,70,30,340,12,6,8,6,5,211,126,356,176,96,군더더기 없이 단단함,Intel 계열의 분위기를 두른 시스템 특화 모델몬. Gaudi 계열답게 칩 성향이 짙다.,"Gaudi는 Intel 브랜드 라인에 속한 모델몬으로, 시스템 중심의 전투와 도감 서사를 맡는다. 연산 가속 성향이 강해 Onix 내에서도 존재감이 뚜렷하다."
096,character_lite,캐릭터라이트,Character Lite,1,대화,입문,텍스트,텍스트,8B,14.5KB,,EVO42,Drowzee Line,base,응답 가속,60,48,45,42,43,238,12,6,6,6,6,261,132,126,120,122,붙임성 좋고 반응이 빠름,Character.AI 계열의 분위기를 두른 대화 특화 모델몬. Character Lite 계열답게 입문 성향이 짙다.,"Character Lite는 Character.AI 브랜드 라인에 속한 모델몬으로, 대화 중심의 전투와 도감 서사를 맡는다. 응답 가속 성향이 강해 Drowzee Line 내에서도 존재감이 뚜렷하다."
097,character_plus,캐릭터플러스,Character Plus,2,대화,균형,텍스트,텍스트,36B,56.0KB,26,EVO42,Drowzee Line,final,문장 정리,85,73,70,67,73,368,13,6,6,6,6,311,182,176,170,182,차분하고 말투가 안정적임,Character.AI 계열의 분위기를 두른 대화 특화 모델몬. Character Plus 계열답게 균형 성향이 짙다.,"Character Plus는 Character.AI 브랜드 라인에 속한 모델몬으로, 대화 중심의 전투와 도감 서사를 맡는다. 문장 정리 성향이 강해 Drowzee Line 내에서도 존재감이 뚜렷하다."
098,w_b_sweep,더블유앤비스윕,W&B Sweep,1,에이전트,자동화,텍스트,복합출력,10B,17.2KB,,EVO43,Krabby Line,base,툴 호출,30,105,90,50,25,300,11,7,7,6,5,201,246,216,136,86,시키면 바로 몸이 먼저 움직임,Weights & Biases 계열의 분위기를 두른 에이전트 특화 모델몬. W&B Sweep 계열답게 자동화 성향이 짙다.,"W&B Sweep는 Weights & Biases 브랜드 라인에 속한 모델몬으로, 에이전트 중심의 전투와 도감 서사를 맡는다. 툴 호출 성향이 강해 Krabby Line 내에서도 존재감이 뚜렷하다."
099,w_b_launch,더블유앤비런치,W&B Launch,2,에이전트,도구사용,텍스트,복합출력,38B,58.7KB,28,EVO43,Krabby Line,final,작업 분기,55,130,115,75,50,425,12,7,7,6,6,251,296,266,186,136,도구 다루는 손이 정확함,Weights & Biases 계열의 분위기를 두른 에이전트 특화 모델몬. W&B Launch 계열답게 도구사용 성향이 짙다.,"W&B Launch는 Weights & Biases 브랜드 라인에 속한 모델몬으로, 에이전트 중심의 전투와 도감 서사를 맡는다. 작업 분기 성향이 강해 Krabby Line 내에서도 존재감이 뚜렷하다."
100,pi_mini,파이미니,Pi Mini,1,대화,입문,텍스트,텍스트,7B,13.2KB,,EVO44,Voltorb Line,base,응답 가속,40,30,50,100,55,275,12,5,6,7,6,221,96,136,236,146,붙임성 좋고 반응이 빠름,Inflection 계열의 분위기를 두른 대화 특화 모델몬. Pi Mini 계열답게 입문 성향이 짙다.,"Pi Mini는 Inflection 브랜드 라인에 속한 모델몬으로, 대화 중심의 전투와 도감 서사를 맡는다. 응답 가속 성향이 강해 Voltorb Line 내에서도 존재감이 뚜렷하다."
101,pi,파이,Pi,2,대화,균형,텍스트,텍스트,35B,54.6KB,30,EVO44,Voltorb Line,final,문장 정리,60,50,70,150,80,410,12,6,6,8,6,261,136,176,336,196,차분하고 말투가 안정적임,Inflection 계열의 분위기를 두른 대화 특화 모델몬. Pi 계열답게 균형 성향이 짙다.,"Pi는 Inflection 브랜드 라인에 속한 모델몬으로, 대화 중심의 전투와 도감 서사를 맡는다. 문장 정리 성향이 강해 Voltorb Line 내에서도 존재감이 뚜렷하다."
102,youchat,유챗,YouChat,1,검색,탐색,텍스트,텍스트,9B,15.9KB,,EVO45,Exeggcute Line,base,빠른 조회,60,40,80,40,60,280,12,6,6,6,6,261,116,196,116,156,주위를 두리번거리며 정보를 모음,You.com 계열의 분위기를 두른 검색 특화 모델몬. YouChat 계열답게 탐색 성향이 짙다.,"YouChat는 You.com 브랜드 라인에 속한 모델몬으로, 검색 중심의 전투와 도감 서사를 맡는다. 빠른 조회 성향이 강해 Exeggcute Line 내에서도 존재감이 뚜렷하다."
103,ari,에이알아이,ARI,2,검색,요약,텍스트,텍스트,37B,57.4KB,,EVO45,Exeggcute Line,final,근거 압축,95,95,85,55,125,455,13,7,7,6,7,331,226,206,146,286,짧게 핵심만 집어냄,You.com 계열의 분위기를 두른 검색 특화 모델몬. ARI 계열답게 요약 성향이 짙다.,"ARI는 You.com 브랜드 라인에 속한 모델몬으로, 검색 중심의 전투와 도감 서사를 맡는다. 근거 압축 성향이 강해 Exeggcute Line 내에서도 존재감이 뚜렷하다."
104,yi_tiny,이타이니,Yi Tiny,1,추론,경량,텍스트,텍스트,19B,29.4KB,,EVO46,Cubone Line,base,가설 압축,50,50,95,35,40,270,12,6,7,6,6,241,136,226,106,116,신중하고 계산이 빠름,01.AI (Yi) 계열의 분위기를 두른 추론 특화 모델몬. Yi Tiny 계열답게 경량 성향이 짙다.,"Yi Tiny는 01.AI (Yi) 브랜드 라인에 속한 모델몬으로, 추론 중심의 전투와 도감 서사를 맡는다. 가설 압축 성향이 강해 Cubone Line 내에서도 존재감이 뚜렷하다."
105,yi_large,이라지,Yi Large,2,추론,장문맥,텍스트,텍스트,42B,64.1KB,28,EVO46,Cubone Line,final,논리 접합,60,80,110,45,50,345,12,6,7,6,6,261,196,256,126,136,조용하지만 집요하게 파고듦,01.AI (Yi) 계열의 분위기를 두른 추론 특화 모델몬. Yi Large 계열답게 장문맥 성향이 짙다.,"Yi Large는 01.AI (Yi) 브랜드 라인에 속한 모델몬으로, 추론 중심의 전투와 도감 서사를 맡는다. 논리 접합 성향이 강해 Cubone Line 내에서도 존재감이 뚜렷하다."
106,tabnine,탭나인,Tabnine,2,코드,보조,텍스트,코드,21B,35.8KB,20,EVO47,Hitmonlee,mid,패치 작성,50,120,53,87,35,345,12,7,6,7,6,241,276,142,210,106,손놀림이 빠르고 꼼꼼함,Tabnine 계열의 분위기를 두른 코드 특화 모델몬. Tabnine 계열답게 보조 성향이 짙다.,"Tabnine는 Tabnine 브랜드 라인에 속한 모델몬으로, 코드 중심의 전투와 도감 서사를 맡는다. 패치 작성 성향이 강해 Hitmonlee 내에서도 존재감이 뚜렷하다."
107,github_copilot,깃허브코파일럿,GitHub Copilot,2,코드,보조,텍스트,코드,22B,37.1KB,20,EVO48,Hitmonchan,mid,패치 작성,50,105,79,76,35,345,12,7,6,6,6,241,246,194,188,106,손놀림이 빠르고 꼼꼼함,GitHub Copilot 계열의 분위기를 두른 코드 특화 모델몬. GitHub Copilot 계열답게 보조 성향이 짙다.,"GitHub Copilot는 GitHub Copilot 브랜드 라인에 속한 모델몬으로, 코드 중심의 전투와 도감 서사를 맡는다. 패치 작성 성향이 강해 Hitmonchan 내에서도 존재감이 뚜렷하다."
108,playht,플레이에이치티,PlayHT,1,음성,TTS,텍스트+음성,음성,25B,53.7KB,,EVO49,Lickitung,base,보이스 샘플링,90,55,75,30,60,310,13,6,6,5,6,321,146,186,96,156,발음이 또렷하고 리듬감이 좋음,PlayHT 계열의 분위기를 두른 음성 특화 모델몬. PlayHT 계열답게 TTS 성향이 짙다.,"PlayHT는 PlayHT 브랜드 라인에 속한 모델몬으로, 음성 중심의 전투와 도감 서사를 맡는다. 보이스 샘플링 성향이 강해 Lickitung 내에서도 존재감이 뚜렷하다."
109,samba_1,삼바1,Samba-1,1,시스템,칩,텍스트,텍스트,19B,32.2KB,,EVO50,Koffing Line,base,연산 가속,40,65,95,35,60,295,12,6,7,6,6,221,166,226,106,156,군더더기 없이 단단함,SambaNova 계열의 분위기를 두른 시스템 특화 모델몬. Samba-1 계열답게 칩 성향이 짙다.,"Samba-1는 SambaNova 브랜드 라인에 속한 모델몬으로, 시스템 중심의 전투와 도감 서사를 맡는다. 연산 가속 성향이 강해 Koffing Line 내에서도 존재감이 뚜렷하다."
110,samba_1_turbo,삼바1터보,Samba-1 Turbo,2,시스템,플랫폼,텍스트,텍스트,42B,70.4KB,35,EVO50,Koffing Line,final,인프라 안정화,65,90,120,60,85,420,12,7,7,6,7,271,216,276,156,206,하중을 버티는 힘이 좋음,SambaNova 계열의 분위기를 두른 시스템 특화 모델몬. Samba-1 Turbo 계열답게 플랫폼 성향이 짙다.,"Samba-1 Turbo는 SambaNova 브랜드 라인에 속한 모델몬으로, 시스템 중심의 전투와 도감 서사를 맡는다. 인프라 안정화 성향이 강해 Koffing Line 내에서도 존재감이 뚜렷하다."
111,phoenix,피닉스,Phoenix,1,에이전트,자동화,텍스트,복합출력,8B,14.5KB,,EVO51,Rhyhorn Line,base,툴 호출,80,85,95,25,30,315,12,7,7,5,5,301,206,226,86,96,시키면 바로 몸이 먼저 움직임,Sanctuary AI 계열의 분위기를 두른 에이전트 특화 모델몬. Phoenix 계열답게 자동화 성향이 짙다.,"Phoenix는 Sanctuary AI 브랜드 라인에 속한 모델몬으로, 에이전트 중심의 전투와 도감 서사를 맡는다. 툴 호출 성향이 강해 Rhyhorn Line 내에서도 존재감이 뚜렷하다."
112,phoenix_prime,피닉스프라임,Phoenix Prime,2,에이전트,도구사용,텍스트,복합출력,36B,56.0KB,42,EVO51,Rhyhorn Line,final,작업 분기,105,130,120,40,45,440,13,7,7,6,6,351,296,276,116,126,도구 다루는 손이 정확함,Sanctuary AI 계열의 분위기를 두른 에이전트 특화 모델몬. Phoenix Prime 계열답게 도구사용 성향이 짙다.,"Phoenix Prime는 Sanctuary AI 브랜드 라인에 속한 모델몬으로, 에이전트 중심의 전투와 도감 서사를 맡는다. 작업 분기 성향이 강해 Rhyhorn Line 내에서도 존재감이 뚜렷하다."
113,hugging_face_hub,허깅페이스허브,Hugging Face Hub,2,대화,입문,텍스트,텍스트,23B,38.5KB,,EVO52,Chansey,mid,응답 가속,250,5,5,50,35,345,16,5,5,6,6,641,46,46,136,106,붙임성 좋고 반응이 빠름,Hugging Face 계열의 분위기를 두른 대화 특화 모델몬. Hugging Face Hub 계열답게 입문 성향이 짙다.,"Hugging Face Hub는 Hugging Face 브랜드 라인에 속한 모델몬으로, 대화 중심의 전투와 도감 서사를 맡는다. 응답 가속 성향이 강해 Chansey 내에서도 존재감이 뚜렷하다."
114,aster,아스테르,Aster,1,멀티모달,경량,텍스트+이미지,복합출력,24B,54.1KB,,EVO53,Tangela,base,입력 동기화,65,55,115,60,100,395,12,6,7,6,7,271,146,266,156,236,눈치가 빠르고 감각이 예민함,SK Telecom (A.) 계열의 분위기를 두른 멀티모달 특화 모델몬. Aster 계열답게 경량 성향이 짙다.,"Aster는 SK Telecom (A.) 브랜드 라인에 속한 모델몬으로, 멀티모달 중심의 전투와 도감 서사를 맡는다. 입력 동기화 성향이 강해 Tangela 내에서도 존재감이 뚜렷하다."
115,luminous,루미너스,Luminous,1,추론,경량,텍스트,텍스트,28B,41.5KB,,EVO54,Kangaskhan,base,가설 압축,105,95,80,90,40,410,13,7,6,7,6,351,226,196,216,116,신중하고 계산이 빠름,Aleph Alpha 계열의 분위기를 두른 추론 특화 모델몬. Luminous 계열답게 경량 성향이 짙다.,"Luminous는 Aleph Alpha 브랜드 라인에 속한 모델몬으로, 추론 중심의 전투와 도감 서사를 맡는다. 가설 압축 성향이 강해 Kangaskhan 내에서도 존재감이 뚜렷하다."
116,leonardo_vision,레오나르도비전,Leonardo Vision,1,생성,스케치,텍스트+이미지,이미지,10B,25.7KB,,EVO55,Horsea Line,base,장면 스케치,30,40,70,60,70,270,11,6,6,6,6,201,116,176,156,176,감각적이고 손이 빠름,Leonardo AI 계열의 분위기를 두른 생성 특화 모델몬. Leonardo Vision 계열답게 스케치 성향이 짙다.,"Leonardo Vision는 Leonardo AI 브랜드 라인에 속한 모델몬으로, 생성 중심의 전투와 도감 서사를 맡는다. 장면 스케치 성향이 강해 Horsea Line 내에서도 존재감이 뚜렷하다."
117,leonardo_motion,레오나르도모션,Leonardo Motion,2,생성,비주얼,텍스트+이미지,이미지,38B,91.0KB,32,EVO55,Horsea Line,final,스타일 증폭,55,65,95,85,95,395,12,6,7,7,7,251,166,226,206,226,연출 욕심이 강함,Leonardo AI 계열의 분위기를 두른 생성 특화 모델몬. Leonardo Motion 계열답게 비주얼 성향이 짙다.,"Leonardo Motion는 Leonardo AI 브랜드 라인에 속한 모델몬으로, 생성 중심의 전투와 도감 서사를 맡는다. 스타일 증폭 성향이 강해 Horsea Line 내에서도 존재감이 뚜렷하다."
118,luma_dream,루마드림,Luma Dream,1,생성,스케치,텍스트+이미지,이미지,12B,30.1KB,,EVO56,Goldeen Line,base,장면 스케치,45,67,60,63,35,270,12,6,6,6,6,231,170,156,162,106,감각적이고 손이 빠름,Luma AI 계열의 분위기를 두른 생성 특화 모델몬. Luma Dream 계열답게 스케치 성향이 짙다.,"Luma Dream는 Luma AI 브랜드 라인에 속한 모델몬으로, 생성 중심의 전투와 도감 서사를 맡는다. 장면 스케치 성향이 강해 Goldeen Line 내에서도 존재감이 뚜렷하다."
119,luma_ray,루마레이,Luma Ray,2,생성,비주얼,텍스트+이미지,이미지,40B,95.4KB,33,EVO56,Goldeen Line,final,스타일 증폭,80,92,65,68,65,370,12,7,6,6,6,301,220,166,172,166,연출 욕심이 강함,Luma AI 계열의 분위기를 두른 생성 특화 모델몬. Luma Ray 계열답게 비주얼 성향이 짙다.,"Luma Ray는 Luma AI 브랜드 라인에 속한 모델몬으로, 생성 중심의 전투와 도감 서사를 맡는다. 스타일 증폭 성향이 강해 Goldeen Line 내에서도 존재감이 뚜렷하다."
120,glm_flash,지엘엠플래시,GLM Flash,1,추론,경량,텍스트,텍스트,15B,23.9KB,,EVO57,Staryu Line,base,가설 압축,30,45,55,85,70,285,11,6,6,7,6,201,126,146,206,176,신중하고 계산이 빠름,Zhipu AI (GLM) 계열의 분위기를 두른 추론 특화 모델몬. GLM Flash 계열답게 경량 성향이 짙다.,"GLM Flash는 Zhipu AI (GLM) 브랜드 라인에 속한 모델몬으로, 추론 중심의 전투와 도감 서사를 맡는다. 가설 압축 성향이 강해 Staryu Line 내에서도 존재감이 뚜렷하다."
121,glm_max,지엘엠맥스,GLM Max,2,추론,장문맥,텍스트,텍스트,43B,65.5KB,,EVO57,Staryu Line,final,논리 접합,60,75,85,115,100,435,12,6,7,7,7,261,186,206,266,236,조용하지만 집요하게 파고듦,Zhipu AI (GLM) 계열의 분위기를 두른 추론 특화 모델몬. GLM Max 계열답게 장문맥 성향이 짙다.,"GLM Max는 Zhipu AI (GLM) 브랜드 라인에 속한 모델몬으로, 추론 중심의 전투와 도감 서사를 맡는다. 논리 접합 성향이 강해 Staryu Line 내에서도 존재감이 뚜렷하다."
122,palmyra,팔미라,Palmyra,2,코드,보조,텍스트,코드,22B,37.1KB,,EVO58,Mr. Mime,mid,패치 작성,40,45,65,90,100,340,12,6,6,7,7,221,126,166,216,236,손놀림이 빠르고 꼼꼼함,Writer 계열의 분위기를 두른 코드 특화 모델몬. Palmyra 계열답게 보조 성향이 짙다.,"Palmyra는 Writer 브랜드 라인에 속한 모델몬으로, 코드 중심의 전투와 도감 서사를 맡는다. 패치 작성 성향이 강해 Mr. Mime 내에서도 존재감이 뚜렷하다."
123,cursor,커서,Cursor,1,코드,보조,텍스트,코드,23B,34.8KB,,EVO59,Scyther,base,패치 작성,70,110,80,105,55,420,12,7,6,7,6,281,256,196,246,146,손놀림이 빠르고 꼼꼼함,Cursor 계열의 분위기를 두른 코드 특화 모델몬. Cursor 계열답게 보조 성향이 짙다.,"Cursor는 Cursor 브랜드 라인에 속한 모델몬으로, 코드 중심의 전투와 도감 서사를 맡는다. 패치 작성 성향이 강해 Scyther 내에서도 존재감이 뚜렷하다."
124,suno,수노,Suno,2,음성,TTS,텍스트+음성,음성,26B,59.4KB,30,EVO60,Jynx,mid,보이스 샘플링,65,50,35,95,115,360,12,6,6,7,7,271,136,106,226,266,발음이 또렷하고 리듬감이 좋음,Suno 계열의 분위기를 두른 음성 특화 모델몬. Suno 계열답게 TTS 성향이 짙다.,"Suno는 Suno 브랜드 라인에 속한 모델몬으로, 음성 중심의 전투와 도감 서사를 맡는다. 보이스 샘플링 성향이 강해 Jynx 내에서도 존재감이 뚜렷하다."
125,replit_agent,리플릿에이전트,Replit Agent,2,코드,보조,텍스트,코드,20B,34.4KB,30,EVO61,Electabuzz,mid,패치 작성,65,83,57,105,95,405,12,6,6,7,7,271,202,150,246,226,손놀림이 빠르고 꼼꼼함,Replit 계열의 분위기를 두른 코드 특화 모델몬. Replit Agent 계열답게 보조 성향이 짙다.,"Replit Agent는 Replit 브랜드 라인에 속한 모델몬으로, 코드 중심의 전투와 도감 서사를 맡는다. 패치 작성 성향이 강해 Electabuzz 내에서도 존재감이 뚜렷하다."
126,spark,스파크,Spark,2,대화,입문,텍스트,텍스트,21B,35.8KB,30,EVO62,Magmar,mid,응답 가속,65,95,57,93,100,410,12,7,6,7,7,271,226,150,222,236,붙임성 좋고 반응이 빠름,iFlytek (Spark) 계열의 분위기를 두른 대화 특화 모델몬. Spark 계열답게 입문 성향이 짙다.,"Spark는 iFlytek (Spark) 브랜드 라인에 속한 모델몬으로, 대화 중심의 전투와 도감 서사를 맡는다. 응답 가속 성향이 강해 Magmar 내에서도 존재감이 뚜렷하다."
127,dbrx,디비알엑스,DBRX,1,시스템,칩,텍스트,텍스트,30B,48.7KB,,EVO63,Pinsir,base,연산 가속,65,125,100,85,55,430,12,7,7,7,6,271,286,236,206,146,군더더기 없이 단단함,Databricks 계열의 분위기를 두른 시스템 특화 모델몬. DBRX 계열답게 칩 성향이 짙다.,"DBRX는 Databricks 브랜드 라인에 속한 모델몬으로, 시스템 중심의 전투와 도감 서사를 맡는다. 연산 가속 성향이 강해 Pinsir 내에서도 존재감이 뚜렷하다."
128,pika,피카,Pika,1,생성,스케치,텍스트+이미지,이미지,25B,58.7KB,,EVO64,Tauros,base,장면 스케치,75,100,95,110,40,420,12,7,7,7,6,291,236,226,256,116,감각적이고 손이 빠름,Pika 계열의 분위기를 두른 생성 특화 모델몬. Pika 계열답게 스케치 성향이 짙다.,"Pika는 Pika 브랜드 라인에 속한 모델몬으로, 생성 중심의 전투와 도감 서사를 맡는다. 장면 스케치 성향이 강해 Tauros 내에서도 존재감이 뚜렷하다."
129,kling_lite,클링라이트,Kling Lite,1,생성,스케치,텍스트+이미지,이미지,13B,32.3KB,,EVO65,Magikarp Line,base,장면 스케치,20,10,55,80,15,180,11,5,6,6,5,181,56,146,196,66,감각적이고 손이 빠름,Kling (Kuaishou) 계열의 분위기를 두른 생성 특화 모델몬. Kling Lite 계열답게 스케치 성향이 짙다.,"Kling Lite는 Kling (Kuaishou) 브랜드 라인에 속한 모델몬으로, 생성 중심의 전투와 도감 서사를 맡는다. 장면 스케치 성향이 강해 Magikarp Line 내에서도 존재감이 뚜렷하다."
130,kling,클링,Kling,2,생성,비주얼,텍스트+이미지,이미지,36B,86.6KB,20,EVO65,Magikarp Line,final,스타일 증폭,95,125,79,81,60,440,13,7,6,6,6,331,286,194,198,156,연출 욕심이 강함,Kling (Kuaishou) 계열의 분위기를 두른 생성 특화 모델몬. Kling 계열답게 비주얼 성향이 짙다.,"Kling는 Kling (Kuaishou) 브랜드 라인에 속한 모델몬으로, 생성 중심의 전투와 도감 서사를 맡는다. 스타일 증폭 성향이 강해 Magikarp Line 내에서도 존재감이 뚜렷하다."
131,arctic,아크틱,Arctic,1,시스템,칩,텍스트,텍스트,29B,47.2KB,,EVO66,Lapras,base,연산 가속,130,85,80,60,85,440,13,7,6,6,7,401,206,196,156,206,군더더기 없이 단단함,Snowflake (Arctic) 계열의 분위기를 두른 시스템 특화 모델몬. Arctic 계열답게 칩 성향이 짙다.,"Arctic는 Snowflake (Arctic) 브랜드 라인에 속한 모델몬으로, 시스템 중심의 전투와 도감 서사를 맡는다. 연산 가속 성향이 강해 Lapras 내에서도 존재감이 뚜렷하다."
132,ditto,디토,Ditto,1,멀티모달,경량,텍스트+이미지,복합출력,22B,49.9KB,,EVO67,Ditto,base,입력 동기화,48,48,48,48,48,240,12,6,6,6,6,237,132,132,132,132,눈치가 빠르고 감각이 예민함,Ditto (Synthetic) 계열의 분위기를 두른 멀티모달 특화 모델몬. Ditto 계열답게 경량 성향이 짙다.,"Ditto는 Ditto (Synthetic) 브랜드 라인에 속한 모델몬으로, 멀티모달 중심의 전투와 도감 서사를 맡는다. 입력 동기화 성향이 강해 Ditto 내에서도 존재감이 뚜렷하다."
133,ideogram_seed,아이디오그램시드,Ideogram Seed,1,생성,스케치,텍스트+이미지,이미지,13B,32.3KB,,EVO68,Eevee Line,base,장면 스케치,55,55,50,55,45,260,12,6,6,6,6,251,146,136,146,126,감각적이고 손이 빠름,Ideogram 계열의 분위기를 두른 생성 특화 모델몬. Ideogram Seed 계열답게 스케치 성향이 짙다.,"Ideogram Seed는 Ideogram 브랜드 라인에 속한 모델몬으로, 생성 중심의 전투와 도감 서사를 맡는다. 장면 스케치 성향이 강해 Eevee Line 내에서도 존재감이 뚜렷하다."
134,ideogram_aqua,아이디오그램아쿠아,Ideogram Aqua,2,생성,비주얼,텍스트+이미지,이미지,34B,82.2KB,,EVO68,Eevee Line,branch-final,스타일 증폭,130,65,60,65,110,430,13,6,6,6,7,401,166,156,166,256,연출 욕심이 강함,Ideogram 계열의 분위기를 두른 생성 특화 모델몬. Ideogram Aqua 계열답게 비주얼 성향이 짙다.,"Ideogram Aqua는 Ideogram 브랜드 라인에 속한 모델몬으로, 생성 중심의 전투와 도감 서사를 맡는다. 스타일 증폭 성향이 강해 Eevee Line 내에서도 존재감이 뚜렷하다."
135,ideogram_bolt,아이디오그램볼트,Ideogram Bolt,2,생성,연출,텍스트+이미지,이미지,30B,73.4KB,,EVO68,Eevee Line,branch-final,프레임 연출,65,65,60,130,110,430,12,6,6,7,7,271,166,156,296,256,화려하지만 완성도에 민감함,Ideogram 계열의 분위기를 두른 생성 특화 모델몬. Ideogram Bolt 계열답게 연출 성향이 짙다.,"Ideogram Bolt는 Ideogram 브랜드 라인에 속한 모델몬으로, 생성 중심의 전투와 도감 서사를 맡는다. 프레임 연출 성향이 강해 Eevee Line 내에서도 존재감이 뚜렷하다."
136,ideogram_flame,아이디오그램플레임,Ideogram Flame,2,생성,브랜치,텍스트+이미지,이미지,31B,75.6KB,,EVO68,Eevee Line,branch-final,형상 정제,65,130,60,65,95,415,12,7,6,6,7,271,296,156,166,226,개성이 강하고 마감이 집요함,Ideogram 계열의 분위기를 두른 생성 특화 모델몬. Ideogram Flame 계열답게 브랜치 성향이 짙다.,"Ideogram Flame는 Ideogram 브랜드 라인에 속한 모델몬으로, 생성 중심의 전투와 도감 서사를 맡는다. 형상 정제 성향이 강해 Eevee Line 내에서도 존재감이 뚜렷하다."
137,figure_01,피겨제로원,Figure 01,1,에이전트,자동화,텍스트,복합출력,22B,33.4KB,,EVO69,Porygon,base,툴 호출,65,60,70,40,85,320,12,6,6,6,7,271,156,176,116,206,시키면 바로 몸이 먼저 움직임,Figure AI 계열의 분위기를 두른 에이전트 특화 모델몬. Figure 01 계열답게 자동화 성향이 짙다.,"Figure 01는 Figure AI 브랜드 라인에 속한 모델몬으로, 에이전트 중심의 전투와 도감 서사를 맡는다. 툴 호출 성향이 강해 Porygon 내에서도 존재감이 뚜렷하다."
138,spot,스팟,Spot,1,에이전트,자동화,텍스트,복합출력,10B,17.2KB,,EVO70,Omanyte Line,base,툴 호출,35,40,100,35,90,300,12,6,7,6,7,211,116,236,106,216,시키면 바로 몸이 먼저 움직임,Boston Dynamics 계열의 분위기를 두른 에이전트 특화 모델몬. Spot 계열답게 자동화 성향이 짙다.,"Spot는 Boston Dynamics 브랜드 라인에 속한 모델몬으로, 에이전트 중심의 전투와 도감 서사를 맡는다. 툴 호출 성향이 강해 Omanyte Line 내에서도 존재감이 뚜렷하다."
139,atlas,아틀라스,Atlas,2,에이전트,도구사용,텍스트,복합출력,38B,58.7KB,40,EVO70,Omanyte Line,final,작업 분기,70,60,125,55,115,425,12,6,7,6,7,281,156,286,146,266,도구 다루는 손이 정확함,Boston Dynamics 계열의 분위기를 두른 에이전트 특화 모델몬. Atlas 계열답게 도구사용 성향이 짙다.,"Atlas는 Boston Dynamics 브랜드 라인에 속한 모델몬으로, 에이전트 중심의 전투와 도감 서사를 맡는다. 작업 분기 성향이 강해 Omanyte Line 내에서도 존재감이 뚜렷하다."
140,udio_quick,유디오퀵,Udio Quick,1,음성,TTS,텍스트+음성,음성,9B,21.7KB,,EVO71,Kabuto Line,base,보이스 샘플링,30,80,90,55,55,310,11,6,7,6,6,201,196,216,146,146,발음이 또렷하고 리듬감이 좋음,Udio 계열의 분위기를 두른 음성 특화 모델몬. Udio Quick 계열답게 TTS 성향이 짙다.,"Udio Quick는 Udio 브랜드 라인에 속한 모델몬으로, 음성 중심의 전투와 도감 서사를 맡는다. 보이스 샘플링 성향이 강해 Kabuto Line 내에서도 존재감이 뚜렷하다."
141,udio_studio,유디오스튜디오,Udio Studio,2,음성,대화형,텍스트+음성,음성,37B,81.4KB,40,EVO71,Kabuto Line,final,발화 동조,60,115,105,80,65,425,12,7,7,6,6,261,266,246,196,166,상대의 톤을 잘 따라감,Udio 계열의 분위기를 두른 음성 특화 모델몬. Udio Studio 계열답게 대화형 성향이 짙다.,"Udio Studio는 Udio 브랜드 라인에 속한 모델몬으로, 음성 중심의 전투와 도감 서사를 맡는다. 발화 동조 성향이 강해 Kabuto Line 내에서도 존재감이 뚜렷하다."
142,optimus,옵티머스,Optimus,1,에이전트,자동화,텍스트,복합출력,22B,33.4KB,,EVO72,Aerodactyl,base,툴 호출,80,105,65,130,60,440,12,7,6,7,6,301,246,166,296,156,시키면 바로 몸이 먼저 움직임,Tesla (Optimus) 계열의 분위기를 두른 에이전트 특화 모델몬. Optimus 계열답게 자동화 성향이 짙다.,"Optimus는 Tesla (Optimus) 브랜드 라인에 속한 모델몬으로, 에이전트 중심의 전투와 도감 서사를 맡는다. 툴 호출 성향이 강해 Aerodactyl 내에서도 존재감이 뚜렷하다."
143,qwen,큐웬,Qwen,2,추론,경량,텍스트,텍스트,31B,49.2KB,,EVO73,Snorlax,mid,가설 압축,160,110,65,30,65,430,14,7,6,5,6,461,256,166,96,166,신중하고 계산이 빠름,Alibaba (Qwen) 계열의 분위기를 두른 추론 특화 모델몬. Qwen 계열답게 경량 성향이 짙다.,"Qwen는 Alibaba (Qwen) 브랜드 라인에 속한 모델몬으로, 추론 중심의 전투와 도감 서사를 맡는다. 가설 압축 성향이 강해 Snorlax 내에서도 존재감이 뚜렷하다."
144,apple_intelligence,애플인텔리전스,Apple Intelligence,1,멀티모달,경량,텍스트+이미지,복합출력,24B,54.1KB,,EVO74,Articuno,base,입력 동기화,90,85,100,85,95,455,13,7,7,7,7,321,206,236,206,226,눈치가 빠르고 감각이 예민함,Apple Intelligence 계열의 분위기를 두른 멀티모달 특화 모델몬. Apple Intelligence 계열답게 경량 성향이 짙다.,"Apple Intelligence는 Apple Intelligence 브랜드 라인에 속한 모델몬으로, 멀티모달 중심의 전투와 도감 서사를 맡는다. 입력 동기화 성향이 강해 Articuno 내에서도 존재감이 뚜렷하다."
145,instinct,인스팅트,Instinct,1,시스템,칩,텍스트,텍스트,28B,45.7KB,,EVO75,Zapdos,base,연산 가속,90,90,85,100,125,490,13,7,7,7,7,321,216,206,236,286,군더더기 없이 단단함,AMD 계열의 분위기를 두른 시스템 특화 모델몬. Instinct 계열답게 칩 성향이 짙다.,"Instinct는 AMD 브랜드 라인에 속한 모델몬으로, 시스템 중심의 전투와 도감 서사를 맡는다. 연산 가속 성향이 강해 Zapdos 내에서도 존재감이 뚜렷하다."
146,firefly,파이어플라이,Firefly,1,생성,스케치,텍스트+이미지,이미지,23B,54.3KB,,EVO76,Moltres,base,장면 스케치,90,100,90,90,125,495,13,7,7,7,7,321,236,216,216,286,감각적이고 손이 빠름,Adobe Firefly 계열의 분위기를 두른 생성 특화 모델몬. Firefly 계열답게 스케치 성향이 짙다.,"Firefly는 Adobe Firefly 브랜드 라인에 속한 모델몬으로, 생성 중심의 전투와 도감 서사를 맡는다. 장면 스케치 성향이 강해 Moltres 내에서도 존재감이 뚜렷하다."
147,deepseek_lite,딥시크라이트,DeepSeek Lite,1,추론,경량,텍스트,텍스트,17B,26.7KB,,EVO77,Dratini Line,base,가설 압축,41,64,45,50,50,250,12,6,6,6,6,223,164,126,136,136,신중하고 계산이 빠름,DeepSeek 계열의 분위기를 두른 추론 특화 모델몬. DeepSeek Lite 계열답게 경량 성향이 짙다.,"DeepSeek Lite는 DeepSeek 브랜드 라인에 속한 모델몬으로, 추론 중심의 전투와 도감 서사를 맡는다. 가설 압축 성향이 강해 Dratini Line 내에서도 존재감이 뚜렷하다."
148,deepseek_v3,딥시크브이3,DeepSeek V3,2,추론,장문맥,텍스트,텍스트,35B,54.6KB,30,EVO77,Dratini Line,mid,논리 접합,61,84,65,70,70,350,12,6,6,6,6,263,204,166,176,176,조용하지만 집요하게 파고듦,DeepSeek 계열의 분위기를 두른 추론 특화 모델몬. DeepSeek V3 계열답게 장문맥 성향이 짙다.,"DeepSeek V3는 DeepSeek 브랜드 라인에 속한 모델몬으로, 추론 중심의 전투와 도감 서사를 맡는다. 논리 접합 성향이 강해 Dratini Line 내에서도 존재감이 뚜렷하다."
149,deepseek_r1,딥시크알원,DeepSeek R1,3,추론,심화,텍스트,텍스트,84B,124.5KB,55,EVO77,Dratini Line,final,심층 추론,91,134,95,80,100,500,13,7,7,6,7,323,304,226,196,236,묵직하고 완성도에 집착함,DeepSeek 계열의 분위기를 두른 추론 특화 모델몬. DeepSeek R1 계열답게 심화 성향이 짙다.,"DeepSeek R1는 DeepSeek 브랜드 라인에 속한 모델몬으로, 추론 중심의 전투와 도감 서사를 맡는다. 심층 추론 성향이 강해 Dratini Line 내에서도 존재감이 뚜렷하다."
150,nemotron,네모트론,Nemotron,1,시스템,칩,텍스트,텍스트,28B,45.7KB,,EVO78,Mewtwo,base,연산 가속,106,110,90,130,154,590,13,7,7,7,8,353,256,216,296,344,군더더기 없이 단단함,Nvidia 계열의 분위기를 두른 시스템 특화 모델몬. Nemotron 계열답게 칩 성향이 짙다.,"Nemotron는 Nvidia 브랜드 라인에 속한 모델몬으로, 시스템 중심의 전투와 도감 서사를 맡는다. 연산 가속 성향이 강해 Mewtwo 내에서도 존재감이 뚜렷하다."
151,granite,그래나이트,Granite,1,추론,경량,텍스트,텍스트,29B,42.9KB,,EVO79,Mew,base,가설 압축,100,100,100,100,100,500,13,7,7,7,7,341,236,236,236,236,신중하고 계산이 빠름,IBM 계열의 분위기를 두른 추론 특화 모델몬. Granite 계열답게 경량 성향이 짙다.,"Granite는 IBM 브랜드 라인에 속한 모델몬으로, 추론 중심의 전투와 도감 서사를 맡는다. 가설 압축 성향이 강해 Mew 내에서도 존재감이 뚜렷하다."
